Workbook

Sheet ElapseIT_Vision
A1: ElapseIT | B1: Vision | C1: Override
A2: AKBANK | B2: =IFERROR(VLOOKUP(A2,Vision_ElapseIT!A:A,1,FALSE),VLOOKUP(C2,Vision_ElapseIT!A:A,1,FALSE)) -> AKB | C2: AKB
A3: Atvance Academy | B3: =IFERROR(VLOOKUP(A3,Vision_ElapseIT!A:A,1,FALSE),VLOOKUP(C3,Vision_ElapseIT!A:A,1,FALSE)) -> #N/A | C3: N/A
A4: AWS | B4: =IFERROR(VLOOKUP(A4,Vision_ElapseIT!A:A,1,FALSE),VLOOKUP(C4,Vision_ElapseIT!A:A,1,FALSE)) -> AWS
A5: Brevan | B5: =IFERROR(VLOOKUP(A5,Vision_ElapseIT!A:A,1,FALSE),VLOOKUP(C5,Vision_ElapseIT!A:A,1,FALSE)) -> BH | C5: BH
A6: D360 | B6: =IFERROR(VLOOKUP(A6,Vision_ElapseIT!A:A,1,FALSE),VLOOKUP(C6,Vision_ElapseIT!A:A,1,FALSE)) -> D360
A7: D360 Bank | B7: =IFERROR(VLOOKUP(A7,Vision_ElapseIT!A:A,1,FALSE),VLOOKUP(C7,Vision_ElapseIT!A:A,1,FALSE)) -> D360 | C7: D360
A8: Elenjical Solutions | B8: =IFERROR(VLOOKUP(A8,Vision_ElapseIT!A:A,1,FALSE),VLOOKUP(C8,Vision_ElapseIT!A:A,1,FALSE)) -> ELENJ | C8: ELENJ
A9: Eris Properties | B9: =IFERROR(VLOOKUP(A9,Vision_ElapseIT!A:A,1,FALSE),VLOOKUP(C9,Vision_ElapseIT!A:A,1,FALSE)) -> #N/A | C9: N/A
A10: Eudemonia Primary Co-Op Ltd | B10: =IFERROR(VLOOKUP(A10,Vision_ElapseIT!A:A,1,FALSE),VLOOKUP(C10,Vision_ElapseIT!A:A,1,FALSE)) -> #N/A | C10: N/A
A11: First Rand Bank Limited | B11: =IFERROR(VLOOKUP(A11,Vision_ElapseIT!A:A,1,FALSE),VLOOKUP(C11,Vision_ElapseIT!A:A,1,FALSE)) -> FRB | C11: FRB
A12: Garanti | B12: =IFERROR(VLOOKUP(A12,Vision_ElapseIT!A:A,1,FALSE),VLOOKUP(C12,Vision_ElapseIT!A:A,1,FALSE)) -> GAR | C12: GAR
A13: HSBC Turkey | B13: =IFERROR(VLOOKUP(A13,Vision_ElapseIT!A:A,1,FALSE),VLOOKUP(C13,Vision_ElapseIT!A:A,1,FALSE)) -> HSBC | C13: HSBC
A14: HSBC|UPG|TMFO | B14: =IFERROR(VLOOKUP(A14,Vision_ElapseIT!A:A,1,FALSE),VLOOKUP(C14,Vision_ElapseIT!A:A,1,FALSE)) -> HSBC | C14: HSBC
A15: Investec Banking Limited | B15: =IFERROR(VLOOKUP(A15,Vision_ElapseIT!A:A,1,FALSE),VLOOKUP(C15,Vision_ElapseIT!A:A,1,FALSE)) -> INV | C15: INV
A16: Kela Securities (Pty) Ltd | B16: =IFERROR(VLOOKUP(A16,Vision_ElapseIT!A:A,1,FALSE),VLOOKUP(C16,Vision_ElapseIT!A:A,1,FALSE)) -> KELA | C16: KELA
A17: Liberty Group | B17: =IFERROR(VLOOKUP(A17,Vision_ElapseIT!A:A,1,FALSE),VLOOKUP(C17,Vision_ElapseIT!A:A,1,FALSE)) -> LIBFIN | C17: LIBFIN
A18: Mitsubishi Financial Group | B18: =IFERROR(VLOOKUP(A18,Vision_ElapseIT!A:A,1,FALSE),VLOOKUP(C18,Vision_ElapseIT!A:A,1,FALSE)) -> #N/A | C18: N/A
... A26: Saudi National Bank Capital | B26: =IFERROR(VLOOKUP(A26,Vision_ElapseIT!A:A,1,FALSE),VLOOKUP(C26,Vision_ElapseIT!A:A,1,FALSE)) -> SNBC | C26: SNBC
A27: SBSA | B27: =IFERROR(VLOOKUP(A27,Vision_ElapseIT!A:A,1,FALSE),VLOOKUP(C27,Vision_ElapseIT!A:A,1,FALSE)) -> SBSA
A28: South African Reserve Bank | B28: =IFERROR(VLOOKUP(A28,Vision_ElapseIT!A:A,1,FALSE),VLOOKUP(C28,Vision_ElapseIT!A:A,1,FALSE)) -> SARB | C28: SARB
A29: STRATE | B29: =IFERROR(VLOOKUP(A29,Vision_ElapseIT!A:A,1,FALSE),VLOOKUP(C29,Vision_ElapseIT!A:A,1,FALSE)) -> #N/A | C29: N/A
A30: Volantis Capital | B30: =IFERROR(VLOOKUP(A30,Vision_ElapseIT!A:A,1,FALSE),VLOOKUP(C30,Vision_ElapseIT!A:A,1,FALSE)) -> #N/A | C30: N/A
A31: Yapı Kredi | B31: =IFERROR(VLOOKUP(A31,Vision_ElapseIT!A:A,1,FALSE),VLOOKUP(C31,Vision_ElapseIT!A:A,1,FALSE)) -> YKB | C31: YKB
A32: Rand Merchant Bank | B32: =IFERROR(VLOOKUP(A32,Vision_ElapseIT!A:A,1,FALSE),VLOOKUP(C32,Vision_ElapseIT!A:A,1,FALSE)) -> RMB | C32: RMB
A33: FG | B33: =IFERROR(VLOOKUP(A33,Vision_ElapseIT!A:A,1,FALSE),VLOOKUP(C33,Vision_ElapseIT!A:A,1,FALSE)) -> FG

Sheet Vision_ElapseIT
A1: Vision | B1: ElapseIT | C1: Override
A2: AFC | B2: =IFERROR(VLOOKUP(A2,ElapseIT_Vision!A:A,1,FALSE),VLOOKUP(C2,ElapseIT_Vision!A:A,1,FALSE)) -> #N/A
A3: AKB | B3: =IFERROR(VLOOKUP(A3,ElapseIT_Vision!A:A,1,FALSE),VLOOKUP(C3,ElapseIT_Vision!A:A,1,FALSE)) -> AKBANK | C3: AKBANK
A4: ALT | B4: =IFERROR(VLOOKUP(A4,ElapseIT_Vision!A:A,1,FALSE),VLOOKUP(C4,ElapseIT_Vision!A:A,1,FALSE)) -> #N/A
A5: AWS | B5: =IFERROR(VLOOKUP(A5,ElapseIT_Vision!A:A,1,FALSE),VLOOKUP(C5,ElapseIT_Vision!A:A,1,FALSE)) -> AWS
A6: BH | B6: =IFERROR(VLOOKUP(A6,ElapseIT_Vision!A:A,1,FALSE),VLOOKUP(C6,ElapseIT_Vision!A:A,1,FALSE)) -> Brevan | C6: Brevan
A7: D360 | B7: =IFERROR(VLOOKUP(A7,ElapseIT_Vision!A:A,1,FALSE),VLOOKUP(C7,ElapseIT_Vision!A:A,1,FALSE)) -> D360
A8: ELENJ | B8: =IFERROR(VLOOKUP(A8,ElapseIT_Vision!A:A,1,FALSE),VLOOKUP(C8,ElapseIT_Vision!A:A,1,FALSE)) -> Elenjical Solutions | C8: Elenjical Solutions
A9: FRB | B9: =IFERROR(VLOOKUP(A9,ElapseIT_Vision!A:A,1,FALSE),VLOOKUP(C9,ElapseIT_Vision!A:A,1,FALSE)) -> First Rand Bank Limited | C9: First Rand Bank Limited
A10: GAR | B10: =IFERROR(VLOOKUP(A10,ElapseIT_Vision!A:A,1,FALSE),VLOOKUP(C10,ElapseIT_Vision!A:A,1,FALSE)) -> Garanti | C10: Garanti
A11: HSBC | B11: =IFERROR(VLOOKUP(A11,ElapseIT_Vision!A:A,1,FALSE),VLOOKUP(C11,ElapseIT_Vision!A:A,1,FALSE)) -> HSBC Turkey | C11: HSBC Turkey
A12: HSBC | B12: =IFERROR(VLOOKUP(A12,ElapseIT_Vision!A:A,1,FALSE),VLOOKUP(C12,ElapseIT_Vision!A:A,1,FALSE)) -> HSBC|UPG|TMFO | C12: HSBC|UPG|TMFO
A13: INV | B13: =IFERROR(VLOOKUP(A13,ElapseIT_Vision!A:A,1,FALSE),VLOOKUP(C13,ElapseIT_Vision!A:A,1,FALSE)) -> Investec Banking Limited | C13: Investec Banking Limited
A14: KELA | B14: =IFERROR(VLOOKUP(A14,ElapseIT_Vision!A:A,1,FALSE),VLOOKUP(C14,ElapseIT_Vision!A:A,1,FALSE)) -> Kela Securities (Pty) Ltd | C14: Kela Securities (Pty) Ltd
A15: LIBFIN | B15: =IFERROR(VLOOKUP(A15,ElapseIT_Vision!A:A,1,FALSE),VLOOKUP(C15,ElapseIT_Vision!A:A,1,FALSE)) -> Liberty Group | C15: Liberty Group
A16: MMI | B16: =IFERROR(VLOOKUP(A16,ElapseIT_Vision!A:A,1,FALSE),VLOOKUP(C16,ElapseIT_Vision!A:A,1,FALSE)) -> Momentum Metropolitan Holdings Limited | C16: Momentum Metropolitan Holdings Limited
A17: MX | B17: =IFERROR(VLOOKUP(A17,ElapseIT_Vision!A:A,1,FALSE),VLOOKUP(C17,ElapseIT_Vision!A:A,1,FALSE)) -> Murex International Luxembourg S.A | C17: Murex International Luxembourg S.A
A18: OFC | B18: =IFERROR(VLOOKUP(A18,ElapseIT_Vision!A:A,1,FALSE),VLOOKUP(C18,ElapseIT_Vision!A:A,1,FALSE)) -> Olayan Financing Company | C18: Olayan Financing Company
A19: OMB | B19: =IFERROR(VLOOKUP(A19,ElapseIT_Vision!A:A,1,FALSE),VLOOKUP(C19,ElapseIT_Vision!A:A,1,FALSE)) -> Old Mutual Specialised Finance (Pty) Limited | C19: Old Mutual Specialised Finance (Pty) Limited
A20: QNB | B20: =IFERROR(VLOOKUP(A20,ElapseIT_Vision!A:A,1,FALSE),VLOOKUP(C20,ElapseIT_Vision!A:A,1,FALSE)) -> #N/A
A21: RMB | B21: =IFERROR(VLOOKUP(A21,ElapseIT_Vision!A:A,1,FALSE),VLOOKUP(C21,ElapseIT_Vision!A:A,1,FALSE)) -> Rand Merchant Bank | C21: Rand Merchant Bank
A22: SANLAM | B22: =IFERROR(VLOOKUP(A22,ElapseIT_Vision!A:A,1,FALSE),VLOOKUP(C22,ElapseIT_Vision!A:A,1,FALSE)) -> Sanlam Capital Market | C22: Sanlam Capital Market
A23: SARB | B23: =IFERROR(VLOOKUP(A23,ElapseIT_Vision!A:A,1,FALSE),VLOOKUP(C23,ElapseIT_Vision!A:A,1,FALSE)) -> South African Reserve Bank | C23: South African Reserve Bank
A24: SBSA | B24: =IFERROR(VLOOKUP(A24,ElapseIT_Vision!A:A,1,FALSE),VLOOKUP(C24,ElapseIT_Vision!A:A,1,FALSE)) -> SBSA
A25: SNB | B25: =IFERROR(VLOOKUP(A25,ElapseIT_Vision!A:A,1,FALSE),VLOOKUP(C25,ElapseIT_Vision!A:A,1,FALSE)) -> Saudi National Bank | C25: Saudi National Bank
A26: SNBC | B26: =IFERROR(VLOOKUP(A26,ElapseIT_Vision!A:A,1,FALSE),VLOOKUP(C26,ElapseIT_Vision!A:A,1,FALSE)) -> #N/A
A27: YKB | B27: =IFERROR(VLOOKUP(A27,ElapseIT_Vision!A:A,1,FALSE),VLOOKUP(C27,ElapseIT_Vision!A:A,1,FALSE)) -> Yapı Kredi | C27: Yapı Kredi
A28: FG | B28: =IFERROR(VLOOKUP(A28,ElapseIT_Vision!A:A,1,FALSE),VLOOKUP(C28,ElapseIT_Vision!A:A,1,FALSE)) -> FG
